{"cameraMode":{"drawMode":0,"name":"Shaded","section":"Shading Mode"},"sceneLighting":true,"audioPlay":false,"sceneViewState":{"showFog":true,"showMaterialUpdate":false,"showSkybox":true,"showFlares":true,"showImageEffects":true,"showParticleSystems":true},"in2DMode":false,"pivot":{"x":37.44122314453125,"y":20.54115867614746,"z":-14.91040325164795},"rotation":{"x":0.15496061742305757,"y":-0.6698693037033081,"z":0.14593301713466645,"w":0.7113173604011536},"size":7.445235252380371,"orthographic":true}