{"cameraMode":{"drawMode":0,"name":"Shaded","section":"Shading Mode"},"sceneLighting":false,"audioPlay":false,"sceneViewState":{"showFog":true,"showMaterialUpdate":false,"showSkybox":false,"showFlares":true,"showImageEffects":true,"showParticleSystems":true},"in2DMode":false,"pivot":{"x":-0.002361297607421875,"y":0.09086990356445313,"z":0.0},"rotation":{"x":0.15367592871189118,"y":-0.67115318775177,"z":0.14515845477581025,"w":0.7105423212051392},"size":218.2967987060547,"orthographic":true}