{"cameraMode":{"drawMode":0,"name":"Shaded","section":"Shading Mode"},"sceneLighting":false,"audioPlay":false,"sceneViewState":{"showFog":true,"showMaterialUpdate":false,"showSkybox":false,"showFlares":true,"showImageEffects":true,"showParticleSystems":true},"in2DMode":false,"pivot":{"x":-0.015035629272460938,"y":2.244739532470703,"z":0.013158798217773438},"rotation":{"x":0.15367592871189118,"y":-0.67115318775177,"z":0.14515845477581025,"w":0.7105423212051392},"size":120.0311279296875,"orthographic":true}